[
{
    "model": "auth.user",
    "fields": {
        "password": "pbkdf2_sha256$150000$DbUiZnjmhKwG$Ge1Q7tfbff9GoRfsFohUQhf640mcwlhZsye7+9BXf+s=",
        "last_login": "2020-07-29T11:47:26.000Z",
        "is_superuser": true,
        "username": "admin",
        "first_name": "",
        "last_name": "",
        "email": "admin@mail.com",
        "is_staff": true,
        "is_active": true,
        "date_joined": "2020-06-13T10:04:14.138Z",
        "groups": [],
        "user_permissions": []
    }
},
{
    "model": "auth.user",
    "fields": {
        "password": "pbkdf2_sha256$150000$vVWZcG4UWPPv$ZjfO4LB3lLkR8nbcpVgd4JBY5KQnfQT5VXITjt3Plxc=",
        "last_login": "2020-07-29T11:55:15.314Z",
        "is_superuser": false,
        "username": "user",
        "first_name": "",
        "last_name": "",
        "email": "",
        "is_staff": false,
        "is_active": true,
        "date_joined": "2020-07-29T08:04:35.651Z",
        "groups": [],
        "user_permissions": []
    }
},
{
    "model": "auth.user",
    "fields": {
        "password": "!TMlCMmeq29PFWe20romRmt4V5mlMO3mioWEpV0vF",
        "last_login": "2020-07-29T11:54:05.559Z",
        "is_superuser": false,
        "username": "LovingFox",
        "first_name": "Ivan",
        "last_name": "Revyakin",
        "email": "",
        "is_staff": false,
        "is_active": true,
        "date_joined": "2020-07-29T08:17:16.669Z",
        "groups": [],
        "user_permissions": []
    }
},
{
    "model": "sessions.session",
    "pk": "5frw164gh5p1a83khanissflcpr6ncgm",
    "fields": {
        "session_data": "MDIyYzdkNjcyZmUxYTAxOGQzNWI1M2QwZDhjNDk2MDYzMmQwMDMzZDp7Il9hdXRoX3VzZXJfaWQiOiIyIiwiX2F1dGhfdXNlcl9iYWNrZW5kIjoiYWxsYXV0aC5hY2NvdW50LmF1dGhfYmFja2VuZHMuQXV0aGVudGljYXRpb25CYWNrZW5kIiwiX2F1dGhfdXNlcl9oYXNoIjoiMDk4ZGFkY2MwYjdhZWVlMTE1YzEwNzdhZGM2MGIwNDc0OWMwODgzNyJ9",
        "expire_date": "2020-07-31T11:05:19.710Z"
    }
},
{
    "model": "sessions.session",
    "pk": "86zridannbi324uv7u74wtf9v9rwl6ma",
    "fields": {
        "session_data": "MDIyYzdkNjcyZmUxYTAxOGQzNWI1M2QwZDhjNDk2MDYzMmQwMDMzZDp7Il9hdXRoX3VzZXJfaWQiOiIyIiwiX2F1dGhfdXNlcl9iYWNrZW5kIjoiYWxsYXV0aC5hY2NvdW50LmF1dGhfYmFja2VuZHMuQXV0aGVudGljYXRpb25CYWNrZW5kIiwiX2F1dGhfdXNlcl9oYXNoIjoiMDk4ZGFkY2MwYjdhZWVlMTE1YzEwNzdhZGM2MGIwNDc0OWMwODgzNyJ9",
        "expire_date": "2020-07-31T11:05:54.774Z"
    }
},
{
    "model": "sessions.session",
    "pk": "fbnb9igphoy6x0wq37olevre1z8epsyx",
    "fields": {
        "session_data": "ZWRkMDA2ZThhNzE1ZWRjZDg2M2MwMzNhY2I3ZWE3MzAzMjkwYWY2ODp7InNvY2lhbGFjY291bnRfc3RhdGUiOlt7InByb2Nlc3MiOiJsb2dpbiIsInNjb3BlIjoiIiwiYXV0aF9wYXJhbXMiOiIifSwibUxZTzBKSmVPS1R6Il19",
        "expire_date": "2020-08-12T05:12:47.669Z"
    }
},
{
    "model": "sessions.session",
    "pk": "i0opygj26gcwt4r4pkiof8g3kjhvh6pu",
    "fields": {
        "session_data": "ZmVhZGE4NWYwNTM5ZDI4NTEyNWVjMmEyN2EyYmI4YzcyZmIzMzk4YTp7Il9hdXRoX3VzZXJfaWQiOiIxMyIsIl9hdXRoX3VzZXJfYmFja2VuZCI6ImFsbGF1dGguYWNjb3VudC5hdXRoX2JhY2tlbmRzLkF1dGhlbnRpY2F0aW9uQmFja2VuZCIsIl9hdXRoX3VzZXJfaGFzaCI6IjMxMDc1ODMzYmEzODQwZWYyMzk2NzE0YTcxYjliZDUxNTA3MGFmMWUifQ==",
        "expire_date": "2020-08-12T11:54:05.660Z"
    }
},
{
    "model": "sessions.session",
    "pk": "icjtp2un5uta5guqun9y64i1prmca0v9",
    "fields": {
        "session_data": "NWE3OTA1YWM1MjkyYzkxZTQzNmFkM2RmMjEyMzM0NWU1ZDhiMzdlNjp7Il9hdXRoX3VzZXJfaWQiOiIxIiwiX2F1dGhfdXNlcl9iYWNrZW5kIjoiZGphbmdvLmNvbnRyaWIuYXV0aC5iYWNrZW5kcy5Nb2RlbEJhY2tlbmQiLCJfYXV0aF91c2VyX2hhc2giOiJmMzI3MTFiYWY0N2YzYmFiNzZhMmU5YmRkN2EyMzEwNTQ1MzYwNzVjIn0=",
        "expire_date": "2020-08-05T07:12:50.443Z"
    }
},
{
    "model": "sessions.session",
    "pk": "j7rz5i40zj10tcuca81id0ws4zzzxkt6",
    "fields": {
        "session_data": "NWE3OTA1YWM1MjkyYzkxZTQzNmFkM2RmMjEyMzM0NWU1ZDhiMzdlNjp7Il9hdXRoX3VzZXJfaWQiOiIxIiwiX2F1dGhfdXNlcl9iYWNrZW5kIjoiZGphbmdvLmNvbnRyaWIuYXV0aC5iYWNrZW5kcy5Nb2RlbEJhY2tlbmQiLCJfYXV0aF91c2VyX2hhc2giOiJmMzI3MTFiYWY0N2YzYmFiNzZhMmU5YmRkN2EyMzEwNTQ1MzYwNzVjIn0=",
        "expire_date": "2020-06-27T16:41:14.549Z"
    }
},
{
    "model": "sessions.session",
    "pk": "lvyns4wowm7z4o1yaxjisy1xlefyo4vb",
    "fields": {
        "session_data": "NWVhNGU2Mjg2ZWI3YmIzOGIyOGViODA1Y2M2NDI3YjI5ZmUxZGQ2ODp7Il9hdXRoX3VzZXJfaWQiOiIxIiwiX2F1dGhfdXNlcl9iYWNrZW5kIjoiZGphbmdvLmNvbnRyaWIuYXV0aC5iYWNrZW5kcy5Nb2RlbEJhY2tlbmQiLCJfYXV0aF91c2VyX2hhc2giOiJmMzI3MTFiYWY0N2YzYmFiNzZhMmU5YmRkN2EyMzEwNTQ1MzYwNzVjIiwiX3Nlc3Npb25fZXhwaXJ5IjowfQ==",
        "expire_date": "2020-08-01T05:11:28.520Z"
    }
},
{
    "model": "sessions.session",
    "pk": "z6kgaluohw5t164tmd4vlpv1t4wcde1k",
    "fields": {
        "session_data": "NWE3OTA1YWM1MjkyYzkxZTQzNmFkM2RmMjEyMzM0NWU1ZDhiMzdlNjp7Il9hdXRoX3VzZXJfaWQiOiIxIiwiX2F1dGhfdXNlcl9iYWNrZW5kIjoiZGphbmdvLmNvbnRyaWIuYXV0aC5iYWNrZW5kcy5Nb2RlbEJhY2tlbmQiLCJfYXV0aF91c2VyX2hhc2giOiJmMzI3MTFiYWY0N2YzYmFiNzZhMmU5YmRkN2EyMzEwNTQ1MzYwNzVjIn0=",
        "expire_date": "2020-06-27T10:05:16.220Z"
    }
},
{
    "model": "sites.site",
    "fields": {
        "domain": "example.com",
        "name": "example.com"
    }
},
{
    "model": "account.emailaddress",
    "pk": 1,
    "fields": {
        "user": [
            "admin"
        ],
        "email": "admin@mail.com",
        "verified": false,
        "primary": false
    }
},
{
    "model": "socialaccount.socialapp",
    "pk": 1,
    "fields": {
        "provider": "github",
        "name": "superpuperapp",
        "client_id": "f00bfe193bcdc980076b",
        "secret": "9b5559c3a8422ce347a457ba03593b68ca0f532c",
        "key": "",
        "sites": [
            [
                "example.com"
            ]
        ]
    }
},
{
    "model": "socialaccount.socialaccount",
    "pk": 4,
    "fields": {
        "user": [
            "LovingFox"
        ],
        "provider": "github",
        "uid": "5946030",
        "last_login": "2020-07-29T11:54:04.838Z",
        "date_joined": "2020-07-29T08:17:17.015Z",
        "extra_data": "{\"login\": \"LovingFox\", \"id\": 5946030, \"node_id\": \"MDQ6VXNlcjU5NDYwMzA=\", \"avatar_url\": \"https://avatars2.githubusercontent.com/u/5946030?v=4\", \"gravatar_id\": \"\", \"url\": \"https://api.github.com/users/LovingFox\", \"html_url\": \"https://github.com/LovingFox\", \"followers_url\": \"https://api.github.com/users/LovingFox/followers\", \"following_url\": \"https://api.github.com/users/LovingFox/following{/other_user}\", \"gists_url\": \"https://api.github.com/users/LovingFox/gists{/gist_id}\", \"starred_url\": \"https://api.github.com/users/LovingFox/starred{/owner}{/repo}\", \"subscriptions_url\": \"https://api.github.com/users/LovingFox/subscriptions\", \"organizations_url\": \"https://api.github.com/users/LovingFox/orgs\", \"repos_url\": \"https://api.github.com/users/LovingFox/repos\", \"events_url\": \"https://api.github.com/users/LovingFox/events{/privacy}\", \"received_events_url\": \"https://api.github.com/users/LovingFox/received_events\", \"type\": \"User\", \"site_admin\": false, \"name\": \"Ivan Revyakin\", \"company\": null, \"blog\": \"\", \"location\": null, \"email\": null, \"hireable\": null, \"bio\": null, \"twitter_username\": null, \"public_repos\": 19, \"public_gists\": 0, \"followers\": 0, \"following\": 0, \"created_at\": \"2013-11-15T07:48:18Z\", \"updated_at\": \"2020-07-29T04:29:40Z\"}"
    }
},
{
    "model": "socialaccount.socialtoken",
    "pk": 4,
    "fields": {
        "app": 1,
        "account": 4,
        "token": "ede47a5cd5680af19700c85ea7e5ff2b9af736ae",
        "token_secret": "",
        "expires_at": null
    }
},
{
    "model": "p_library.author",
    "pk": 1,
    "fields": {
        "full_name": "\u041d\u0438\u043a\u043e\u043b\u0430\u0439 \u0412\u0430\u0441\u0438\u043b\u044c\u0435\u0432\u0438\u0447 \u0413\u043e\u0433\u043e\u043b\u044c",
        "birth_year": 1809,
        "country": "RU"
    }
},
{
    "model": "p_library.author",
    "pk": 2,
    "fields": {
        "full_name": "\u041f\u0443\u0448\u043a\u0438\u043d \u0410\u043b\u0435\u043a\u0441\u0430\u043d\u0434\u0440 \u0421\u0435\u0440\u0433\u0435\u0435\u0432\u0438\u0447",
        "birth_year": 1799,
        "country": "RU"
    }
},
{
    "model": "p_library.author",
    "pk": 3,
    "fields": {
        "full_name": "\u0422\u0443\u0440\u0433\u0435\u043d\u0435\u0432 \u0418\u0432\u0430\u043d \u0421\u0435\u0440\u0433\u0435\u0435\u0432\u0438\u0447",
        "birth_year": 1818,
        "country": "RU"
    }
},
{
    "model": "p_library.author",
    "pk": 4,
    "fields": {
        "full_name": "Douglas Adams",
        "birth_year": 1952,
        "country": "UK"
    }
},
{
    "model": "p_library.author",
    "pk": 5,
    "fields": {
        "full_name": "Jerome David Salinger",
        "birth_year": 1919,
        "country": "US"
    }
},
{
    "model": "p_library.author",
    "pk": 6,
    "fields": {
        "full_name": "Knut Hamsun",
        "birth_year": 1859,
        "country": "NO"
    }
},
{
    "model": "p_library.author",
    "pk": 7,
    "fields": {
        "full_name": "\u041d\u043e\u0432\u044b\u0439 \u0430\u0432\u0442\u043e\u0440",
        "birth_year": 1950,
        "country": "RU"
    }
},
{
    "model": "p_library.author",
    "pk": 8,
    "fields": {
        "full_name": "\u041d\u043e\u0432\u044b\u0439 \u0430\u0432\u0442\u043e\u0440 2",
        "birth_year": 1960,
        "country": "RU"
    }
},
{
    "model": "p_library.author",
    "pk": 9,
    "fields": {
        "full_name": "\u041d\u043e\u0432\u044b\u0439 \u0430\u0432\u0442\u043e\u0440 3",
        "birth_year": 1970,
        "country": "RU"
    }
},
{
    "model": "p_library.author",
    "pk": 10,
    "fields": {
        "full_name": "Author_1",
        "birth_year": 2001,
        "country": "RU"
    }
},
{
    "model": "p_library.author",
    "pk": 11,
    "fields": {
        "full_name": "Author_2",
        "birth_year": 2002,
        "country": "RU"
    }
},
{
    "model": "p_library.author",
    "pk": 12,
    "fields": {
        "full_name": "Author_3",
        "birth_year": 2003,
        "country": "RU"
    }
},
{
    "model": "p_library.author",
    "pk": 13,
    "fields": {
        "full_name": "Author_4",
        "birth_year": 2004,
        "country": "RU"
    }
},
{
    "model": "p_library.author",
    "pk": 14,
    "fields": {
        "full_name": "Author_3",
        "birth_year": 2003,
        "country": "RU"
    }
},
{
    "model": "p_library.author",
    "pk": 15,
    "fields": {
        "full_name": "Author_4",
        "birth_year": 2004,
        "country": "RU"
    }
},
{
    "model": "p_library.publisher",
    "pk": 1,
    "fields": {
        "name": "\u041f\u0443\u043f\u0441\u0438\u043a"
    }
},
{
    "model": "p_library.publisher",
    "pk": 2,
    "fields": {
        "name": "\u041c\u0443\u043c\u0441\u0438\u043a"
    }
},
{
    "model": "p_library.publisher",
    "pk": 3,
    "fields": {
        "name": "\u0411\u0430\u0440\u0441\u0438\u043a"
    }
},
{
    "model": "p_library.friend",
    "pk": 1,
    "fields": {
        "name": "\u0417\u0430\u0439\u0447\u0438\u043a"
    }
},
{
    "model": "p_library.friend",
    "pk": 2,
    "fields": {
        "name": "\u041b\u0438\u0441\u0438\u0447\u043a\u0430"
    }
},
{
    "model": "p_library.book",
    "pk": 1,
    "fields": {
        "ISBN": "9785170622207",
        "title": "The Growth of the Soil",
        "description": "Story of a man who settles and lives in rural Norway.",
        "year_release": 1917,
        "author": 6,
        "publisher": 3,
        "friend": 2,
        "copy_count": 2,
        "price": "939.70",
        "cover": "covers/2020/07/06/The_Growth_of_the_Soil.jpg"
    }
},
{
    "model": "p_library.book",
    "pk": 2,
    "fields": {
        "ISBN": "9785931240053",
        "title": "\u0420\u0443\u0441\u043b\u0430\u043d \u0438 \u041b\u044e\u0434\u043c\u0438\u043b\u0430",
        "description": "\u0412\u043e\u043b\u0448\u0435\u0431\u043d\u0430\u044f \u0441\u043a\u0430\u0437\u043a\u0430, \u0432\u0434\u043e\u0445\u043d\u043e\u0432\u043b\u0451\u043d\u043d\u0430\u044f \u0434\u0440\u0435\u0432\u043d\u0435\u0440\u0443\u0441\u0441\u043a\u0438\u043c\u0438 \u0431\u044b\u043b\u0438\u043d\u0430\u043c\u0438.",
        "year_release": 1820,
        "author": 2,
        "publisher": 3,
        "friend": 1,
        "copy_count": 1,
        "price": "789.15",
        "cover": "covers/2020/07/06/ruslan_i_lyudmila.jpg"
    }
},
{
    "model": "p_library.book",
    "pk": 3,
    "fields": {
        "ISBN": "9788588603271",
        "title": "\u0420\u0435\u0432\u0438\u0437\u043e\u0440",
        "description": "\u041a\u043e\u043c\u0435\u0434\u0438\u044f \u0432 \u043f\u044f\u0442\u0438 \u0434\u0435\u0439\u0441\u0442\u0432\u0438\u044f\u0445 \u0440\u0443\u0441\u0441\u043a\u043e\u0433\u043e \u043f\u0438\u0441\u0430\u0442\u0435\u043b\u044f \u041d\u0438\u043a\u043e\u043b\u0430\u044f \u0412\u0430\u0441\u0438\u043b\u044c\u0435\u0432\u0438\u0447\u0430 \u0413\u043e\u0433\u043e\u043b\u044f.",
        "year_release": 1835,
        "author": 1,
        "publisher": 3,
        "friend": null,
        "copy_count": 3,
        "price": "2284.66",
        "cover": ""
    }
},
{
    "model": "p_library.book",
    "pk": 4,
    "fields": {
        "ISBN": "9789755630311",
        "title": "\u041c\u0435\u0434\u043d\u044b\u0439 \u0432\u0441\u0430\u0434\u043d\u0438\u043a",
        "description": "\u041f\u043e\u044d\u043c\u0430 \u0410. \u0421. \u041f\u0443\u0448\u043a\u0438\u043d\u0430.",
        "year_release": 1837,
        "author": 2,
        "publisher": 2,
        "friend": 1,
        "copy_count": 4,
        "price": "1884.04",
        "cover": "covers/2020/07/02/medniy_vsadnik.jpg"
    }
},
{
    "model": "p_library.book",
    "pk": 5,
    "fields": {
        "ISBN": "9785457325753",
        "title": "\u0413\u0440\u0430\u0444 \u041d\u0443\u043b\u0438\u043d",
        "description": "\u041a\u043e\u0440\u043e\u0442\u043a\u0430\u044f \u0448\u0443\u0442\u043e\u0447\u043d\u0430\u044f \u043f\u043e\u044d\u043c\u0430, \u043d\u0430\u043f\u0438\u0441\u0430\u043d\u043d\u0430\u044f \u041f\u0443\u0448\u043a\u0438\u043d\u044b\u043c \u0432\u0441\u0435\u0433\u043e \u0437\u0430 \u0434\u0432\u0430 \u0443\u0442\u0440\u0430 13 \u0438 14 \u0434\u0435\u043a\u0430\u0431\u0440\u044f 1825 \u0433\u043e\u0434\u0430 \u0432\u043e \u0432\u0440\u0435\u043c\u044f \u0441\u0441\u044b\u043b\u043a\u0438 \u0432 \u041c\u0438\u0445\u0430\u0439\u043b\u043e\u0432\u0441\u043a\u043e\u043c.",
        "year_release": 1825,
        "author": 2,
        "publisher": 2,
        "friend": null,
        "copy_count": 2,
        "price": "2170.84",
        "cover": ""
    }
},
{
    "model": "p_library.book",
    "pk": 6,
    "fields": {
        "ISBN": "9781072923893",
        "title": "\u041d\u043e\u0432\u044c",
        "description": "\u041f\u043e\u0441\u043b\u0435\u0434\u043d\u0438\u0439 \u043f\u043e \u0432\u0440\u0435\u043c\u0435\u043d\u0438 \u0438 \u0441\u0430\u043c\u044b\u0439 \u0434\u043b\u0438\u043d\u043d\u044b\u0439 \u0440\u043e\u043c\u0430\u043d \u0418\u0432\u0430\u043d\u0430 \u0421\u0435\u0440\u0433\u0435\u0435\u0432\u0438\u0447\u0430 \u0422\u0443\u0440\u0433\u0435\u043d\u0435\u0432\u0430.",
        "year_release": 1877,
        "author": 3,
        "publisher": 2,
        "friend": null,
        "copy_count": 4,
        "price": "1644.10",
        "cover": ""
    }
},
{
    "model": "p_library.book",
    "pk": 7,
    "fields": {
        "ISBN": "9781447297017",
        "title": "The Hitchhiker's Guide to the Galaxy",
        "description": "Has become an international multi-media phenomenon",
        "year_release": 1979,
        "author": 4,
        "publisher": 1,
        "friend": null,
        "copy_count": 3,
        "price": "2044.16",
        "cover": ""
    }
},
{
    "model": "p_library.book",
    "pk": 8,
    "fields": {
        "ISBN": "9783036959542",
        "title": "So Long, and Thanks for All the Fish",
        "description": "Is the fourth book of the Hitchhiker's Guide to the Galaxy",
        "year_release": 1984,
        "author": 4,
        "publisher": 1,
        "friend": null,
        "copy_count": 4,
        "price": "2092.53",
        "cover": ""
    }
},
{
    "model": "p_library.book",
    "pk": 9,
    "fields": {
        "ISBN": "9781447297017",
        "title": "The Catcher in the Rye",
        "description": "It was originally intended for adults but is often read by adolescents for its themes of angst and alienation, and as a critique on superficiality in society.",
        "year_release": 1951,
        "author": 5,
        "publisher": 1,
        "friend": null,
        "copy_count": 3,
        "price": "803.60",
        "cover": ""
    }
},
{
    "model": "p_library.book",
    "pk": 14,
    "fields": {
        "ISBN": "111111",
        "title": "Test",
        "description": "Test",
        "year_release": 11111,
        "author": 10,
        "publisher": 1,
        "friend": 1,
        "copy_count": 1,
        "price": "1111.00",
        "cover": ""
    }
},
{
    "model": "p_library.userprofile",
    "pk": 3,
    "fields": {
        "age": 0,
        "gender": 0,
        "user": [
            "user"
        ]
    }
},
{
    "model": "p_library.userprofile",
    "pk": 4,
    "fields": {
        "age": 11,
        "gender": 1,
        "user": [
            "LovingFox"
        ]
    }
},
{
    "model": "p_library.userprofile",
    "pk": 5,
    "fields": {
        "age": 0,
        "gender": 0,
        "user": [
            "admin"
        ]
    }
},
{
    "model": "admin.logentry",
    "pk": 1,
    "fields": {
        "action_time": "2020-06-13T16:42:53.450Z",
        "user": [
            "admin"
        ],
        "content_type": [
            "p_library",
            "publisher"
        ],
        "object_id": "1",
        "object_repr": "\u0418\u0437\u0434\u0430\u0442\u0435\u043b\u044c \u041f\u0443\u043f\u0441\u0438\u043a",
        "action_flag": 1,
        "change_message": "[{\"added\": {}}]"
    }
},
{
    "model": "admin.logentry",
    "pk": 2,
    "fields": {
        "action_time": "2020-06-13T16:42:59.772Z",
        "user": [
            "admin"
        ],
        "content_type": [
            "p_library",
            "book"
        ],
        "object_id": "9",
        "object_repr": "The Catcher in the Rye (1951)",
        "action_flag": 2,
        "change_message": "[{\"changed\": {\"fields\": [\"publisher\"]}}]"
    }
},
{
    "model": "admin.logentry",
    "pk": 3,
    "fields": {
        "action_time": "2020-06-13T16:43:08.420Z",
        "user": [
            "admin"
        ],
        "content_type": [
            "p_library",
            "book"
        ],
        "object_id": "8",
        "object_repr": "So Long, and Thanks for All the Fish (1984)",
        "action_flag": 2,
        "change_message": "[{\"changed\": {\"fields\": [\"publisher\"]}}]"
    }
},
{
    "model": "admin.logentry",
    "pk": 4,
    "fields": {
        "action_time": "2020-06-13T16:43:17.424Z",
        "user": [
            "admin"
        ],
        "content_type": [
            "p_library",
            "book"
        ],
        "object_id": "7",
        "object_repr": "The Hitchhiker's Guide to the Galaxy (1979)",
        "action_flag": 2,
        "change_message": "[{\"changed\": {\"fields\": [\"publisher\"]}}]"
    }
},
{
    "model": "admin.logentry",
    "pk": 5,
    "fields": {
        "action_time": "2020-06-13T16:43:34.963Z",
        "user": [
            "admin"
        ],
        "content_type": [
            "p_library",
            "publisher"
        ],
        "object_id": "2",
        "object_repr": "\u0418\u0437\u0434\u0430\u0442\u0435\u043b\u044c \u041c\u0443\u043c\u0441\u0438\u043a",
        "action_flag": 1,
        "change_message": "[{\"added\": {}}]"
    }
},
{
    "model": "admin.logentry",
    "pk": 6,
    "fields": {
        "action_time": "2020-06-13T16:43:36.553Z",
        "user": [
            "admin"
        ],
        "content_type": [
            "p_library",
            "book"
        ],
        "object_id": "6",
        "object_repr": "\u041d\u043e\u0432\u044c (1877)",
        "action_flag": 2,
        "change_message": "[{\"changed\": {\"fields\": [\"publisher\"]}}]"
    }
},
{
    "model": "admin.logentry",
    "pk": 7,
    "fields": {
        "action_time": "2020-06-13T16:43:46.874Z",
        "user": [
            "admin"
        ],
        "content_type": [
            "p_library",
            "book"
        ],
        "object_id": "5",
        "object_repr": "\u0413\u0440\u0430\u0444 \u041d\u0443\u043b\u0438\u043d (1825)",
        "action_flag": 2,
        "change_message": "[{\"changed\": {\"fields\": [\"publisher\"]}}]"
    }
},
{
    "model": "admin.logentry",
    "pk": 8,
    "fields": {
        "action_time": "2020-06-13T16:43:54.124Z",
        "user": [
            "admin"
        ],
        "content_type": [
            "p_library",
            "book"
        ],
        "object_id": "4",
        "object_repr": "\u041c\u0435\u0434\u043d\u044b\u0439 \u0432\u0441\u0430\u0434\u043d\u0438\u043a (1837)",
        "action_flag": 2,
        "change_message": "[{\"changed\": {\"fields\": [\"publisher\"]}}]"
    }
},
{
    "model": "admin.logentry",
    "pk": 9,
    "fields": {
        "action_time": "2020-06-13T16:44:27.357Z",
        "user": [
            "admin"
        ],
        "content_type": [
            "p_library",
            "publisher"
        ],
        "object_id": "3",
        "object_repr": "\u0418\u0437\u0434\u0430\u0442\u0435\u043b\u044c \u0422\u0443\u043c\u0441\u0438\u043a",
        "action_flag": 1,
        "change_message": "[{\"added\": {}}]"
    }
},
{
    "model": "admin.logentry",
    "pk": 10,
    "fields": {
        "action_time": "2020-06-13T16:44:29.374Z",
        "user": [
            "admin"
        ],
        "content_type": [
            "p_library",
            "book"
        ],
        "object_id": "3",
        "object_repr": "\u0420\u0435\u0432\u0438\u0437\u043e\u0440 (1835)",
        "action_flag": 2,
        "change_message": "[{\"changed\": {\"fields\": [\"publisher\"]}}]"
    }
},
{
    "model": "admin.logentry",
    "pk": 11,
    "fields": {
        "action_time": "2020-06-13T16:44:40.067Z",
        "user": [
            "admin"
        ],
        "content_type": [
            "p_library",
            "book"
        ],
        "object_id": "2",
        "object_repr": "\u0420\u0443\u0441\u043b\u0430\u043d \u0438 \u041b\u044e\u0434\u043c\u0438\u043b\u0430 (1820)",
        "action_flag": 2,
        "change_message": "[{\"changed\": {\"fields\": [\"publisher\"]}}]"
    }
},
{
    "model": "admin.logentry",
    "pk": 12,
    "fields": {
        "action_time": "2020-06-13T16:44:52.457Z",
        "user": [
            "admin"
        ],
        "content_type": [
            "p_library",
            "book"
        ],
        "object_id": "1",
        "object_repr": "The Growth of the Soil (1917)",
        "action_flag": 2,
        "change_message": "[{\"changed\": {\"fields\": [\"publisher\"]}}]"
    }
},
{
    "model": "admin.logentry",
    "pk": 13,
    "fields": {
        "action_time": "2020-06-13T17:10:46.145Z",
        "user": [
            "admin"
        ],
        "content_type": [
            "p_library",
            "publisher"
        ],
        "object_id": "3",
        "object_repr": "\u0422\u0443\u043c\u0441\u0438\u043a",
        "action_flag": 2,
        "change_message": "[{\"changed\": {\"fields\": [\"name\"]}}]"
    }
},
{
    "model": "admin.logentry",
    "pk": 14,
    "fields": {
        "action_time": "2020-06-13T17:10:51.677Z",
        "user": [
            "admin"
        ],
        "content_type": [
            "p_library",
            "publisher"
        ],
        "object_id": "2",
        "object_repr": "\u041c\u0443\u043c\u0441\u0438\u043a",
        "action_flag": 2,
        "change_message": "[{\"changed\": {\"fields\": [\"name\"]}}]"
    }
},
{
    "model": "admin.logentry",
    "pk": 15,
    "fields": {
        "action_time": "2020-06-13T17:10:58.132Z",
        "user": [
            "admin"
        ],
        "content_type": [
            "p_library",
            "publisher"
        ],
        "object_id": "1",
        "object_repr": "\u041f\u0443\u043f\u0441\u0438\u043a",
        "action_flag": 2,
        "change_message": "[{\"changed\": {\"fields\": [\"name\"]}}]"
    }
},
{
    "model": "admin.logentry",
    "pk": 16,
    "fields": {
        "action_time": "2020-06-13T17:11:11.816Z",
        "user": [
            "admin"
        ],
        "content_type": [
            "p_library",
            "publisher"
        ],
        "object_id": "3",
        "object_repr": "\u0411\u0430\u0440\u0441\u0438\u043a",
        "action_flag": 2,
        "change_message": "[{\"changed\": {\"fields\": [\"name\"]}}]"
    }
},
{
    "model": "admin.logentry",
    "pk": 17,
    "fields": {
        "action_time": "2020-06-25T08:31:38.633Z",
        "user": [
            "admin"
        ],
        "content_type": [
            "p_library",
            "friend"
        ],
        "object_id": "1",
        "object_repr": "\u0414\u0440\u0443\u0433 1",
        "action_flag": 1,
        "change_message": "[{\"added\": {}}]"
    }
},
{
    "model": "admin.logentry",
    "pk": 18,
    "fields": {
        "action_time": "2020-06-25T08:31:43.548Z",
        "user": [
            "admin"
        ],
        "content_type": [
            "p_library",
            "friend"
        ],
        "object_id": "2",
        "object_repr": "\u0414\u0440\u0443\u0433 2",
        "action_flag": 1,
        "change_message": "[{\"added\": {}}]"
    }
},
{
    "model": "admin.logentry",
    "pk": 19,
    "fields": {
        "action_time": "2020-06-25T08:36:30.756Z",
        "user": [
            "admin"
        ],
        "content_type": [
            "p_library",
            "book"
        ],
        "object_id": "12",
        "object_repr": "Bla-bla2",
        "action_flag": 2,
        "change_message": "[{\"changed\": {\"fields\": [\"friend\"]}}]"
    }
},
{
    "model": "admin.logentry",
    "pk": 20,
    "fields": {
        "action_time": "2020-06-25T08:36:40.373Z",
        "user": [
            "admin"
        ],
        "content_type": [
            "p_library",
            "book"
        ],
        "object_id": "11",
        "object_repr": "Bla-bla",
        "action_flag": 2,
        "change_message": "[{\"changed\": {\"fields\": [\"friend\"]}}]"
    }
},
{
    "model": "admin.logentry",
    "pk": 21,
    "fields": {
        "action_time": "2020-06-25T08:37:56.737Z",
        "user": [
            "admin"
        ],
        "content_type": [
            "p_library",
            "book"
        ],
        "object_id": "10",
        "object_repr": "Bla-bla",
        "action_flag": 2,
        "change_message": "[{\"changed\": {\"fields\": [\"friend\"]}}]"
    }
},
{
    "model": "admin.logentry",
    "pk": 22,
    "fields": {
        "action_time": "2020-07-02T10:04:59.578Z",
        "user": [
            "admin"
        ],
        "content_type": [
            "p_library",
            "book"
        ],
        "object_id": "4",
        "object_repr": "\u041c\u0435\u0434\u043d\u044b\u0439 \u0432\u0441\u0430\u0434\u043d\u0438\u043a",
        "action_flag": 2,
        "change_message": "[]"
    }
},
{
    "model": "admin.logentry",
    "pk": 23,
    "fields": {
        "action_time": "2020-07-02T10:05:08.459Z",
        "user": [
            "admin"
        ],
        "content_type": [
            "p_library",
            "book"
        ],
        "object_id": "4",
        "object_repr": "\u041c\u0435\u0434\u043d\u044b\u0439 \u0432\u0441\u0430\u0434\u043d\u0438\u043a",
        "action_flag": 2,
        "change_message": "[{\"changed\": {\"fields\": [\"cover\"]}}]"
    }
},
{
    "model": "admin.logentry",
    "pk": 24,
    "fields": {
        "action_time": "2020-07-06T07:41:28.924Z",
        "user": [
            "admin"
        ],
        "content_type": [
            "p_library",
            "friend"
        ],
        "object_id": "2",
        "object_repr": "\u041b\u0438\u0441\u0438\u0447\u043a\u0430",
        "action_flag": 2,
        "change_message": "[{\"changed\": {\"fields\": [\"name\"]}}]"
    }
},
{
    "model": "admin.logentry",
    "pk": 25,
    "fields": {
        "action_time": "2020-07-06T07:41:53.891Z",
        "user": [
            "admin"
        ],
        "content_type": [
            "p_library",
            "friend"
        ],
        "object_id": "1",
        "object_repr": "\u0417\u0430\u0439\u0447\u0438\u043a",
        "action_flag": 2,
        "change_message": "[{\"changed\": {\"fields\": [\"name\"]}}]"
    }
},
{
    "model": "admin.logentry",
    "pk": 26,
    "fields": {
        "action_time": "2020-07-17T06:53:53.058Z",
        "user": [
            "admin"
        ],
        "content_type": [
            "socialaccount",
            "socialapp"
        ],
        "object_id": "1",
        "object_repr": "superpuperapp",
        "action_flag": 1,
        "change_message": "[{\"added\": {}}]"
    }
},
{
    "model": "admin.logentry",
    "pk": 27,
    "fields": {
        "action_time": "2020-07-29T05:11:40.975Z",
        "user": [
            "admin"
        ],
        "content_type": [
            "auth",
            "user"
        ],
        "object_id": "3",
        "object_repr": "user",
        "action_flag": 3,
        "change_message": ""
    }
},
{
    "model": "admin.logentry",
    "pk": 28,
    "fields": {
        "action_time": "2020-07-29T05:13:57.557Z",
        "user": [
            "admin"
        ],
        "content_type": [
            "socialaccount",
            "socialaccount"
        ],
        "object_id": "1",
        "object_repr": "LovingFox",
        "action_flag": 3,
        "change_message": ""
    }
},
{
    "model": "admin.logentry",
    "pk": 29,
    "fields": {
        "action_time": "2020-07-29T05:14:31.654Z",
        "user": [
            "admin"
        ],
        "content_type": [
            "auth",
            "user"
        ],
        "object_id": "2",
        "object_repr": "LovingFox",
        "action_flag": 3,
        "change_message": ""
    }
},
{
    "model": "admin.logentry",
    "pk": 30,
    "fields": {
        "action_time": "2020-07-29T05:14:31.728Z",
        "user": [
            "admin"
        ],
        "content_type": [
            "auth",
            "user"
        ],
        "object_id": "4",
        "object_repr": "user",
        "action_flag": 3,
        "change_message": ""
    }
},
{
    "model": "admin.logentry",
    "pk": 31,
    "fields": {
        "action_time": "2020-07-29T05:16:24.893Z",
        "user": [
            "admin"
        ],
        "content_type": [
            "socialaccount",
            "socialaccount"
        ],
        "object_id": "2",
        "object_repr": "LovingFox",
        "action_flag": 3,
        "change_message": ""
    }
},
{
    "model": "admin.logentry",
    "pk": 32,
    "fields": {
        "action_time": "2020-07-29T05:16:34.037Z",
        "user": [
            "admin"
        ],
        "content_type": [
            "auth",
            "user"
        ],
        "object_id": "5",
        "object_repr": "LovingFox",
        "action_flag": 3,
        "change_message": ""
    }
},
{
    "model": "admin.logentry",
    "pk": 33,
    "fields": {
        "action_time": "2020-07-29T05:27:07.385Z",
        "user": [
            "admin"
        ],
        "content_type": [
            "auth",
            "user"
        ],
        "object_id": "6",
        "object_repr": "user",
        "action_flag": 3,
        "change_message": ""
    }
},
{
    "model": "admin.logentry",
    "pk": 34,
    "fields": {
        "action_time": "2020-07-29T05:31:50.603Z",
        "user": [
            "admin"
        ],
        "content_type": [
            "auth",
            "user"
        ],
        "object_id": "7",
        "object_repr": "user",
        "action_flag": 3,
        "change_message": ""
    }
},
{
    "model": "admin.logentry",
    "pk": 35,
    "fields": {
        "action_time": "2020-07-29T05:34:30.972Z",
        "user": [
            "admin"
        ],
        "content_type": [
            "auth",
            "user"
        ],
        "object_id": "8",
        "object_repr": "user",
        "action_flag": 3,
        "change_message": ""
    }
},
{
    "model": "admin.logentry",
    "pk": 36,
    "fields": {
        "action_time": "2020-07-29T07:49:47.101Z",
        "user": [
            "admin"
        ],
        "content_type": [
            "auth",
            "user"
        ],
        "object_id": "9",
        "object_repr": "user",
        "action_flag": 3,
        "change_message": ""
    }
},
{
    "model": "admin.logentry",
    "pk": 37,
    "fields": {
        "action_time": "2020-07-29T07:52:09.518Z",
        "user": [
            "admin"
        ],
        "content_type": [
            "auth",
            "user"
        ],
        "object_id": "10",
        "object_repr": "user",
        "action_flag": 3,
        "change_message": ""
    }
},
{
    "model": "admin.logentry",
    "pk": 38,
    "fields": {
        "action_time": "2020-07-29T07:57:11.308Z",
        "user": [
            "admin"
        ],
        "content_type": [
            "auth",
            "user"
        ],
        "object_id": "11",
        "object_repr": "LovingFox",
        "action_flag": 3,
        "change_message": ""
    }
},
{
    "model": "admin.logentry",
    "pk": 39,
    "fields": {
        "action_time": "2020-07-29T08:20:17.181Z",
        "user": [
            "admin"
        ],
        "content_type": [
            "p_library",
            "userprofile"
        ],
        "object_id": "3",
        "object_repr": "user",
        "action_flag": 2,
        "change_message": "[{\"changed\": {\"fields\": [\"gender\"]}}]"
    }
},
{
    "model": "admin.logentry",
    "pk": 40,
    "fields": {
        "action_time": "2020-07-29T08:20:22.994Z",
        "user": [
            "admin"
        ],
        "content_type": [
            "p_library",
            "userprofile"
        ],
        "object_id": "3",
        "object_repr": "user",
        "action_flag": 2,
        "change_message": "[{\"changed\": {\"fields\": [\"age\", \"gender\"]}}]"
    }
},
{
    "model": "admin.logentry",
    "pk": 41,
    "fields": {
        "action_time": "2020-07-29T08:20:27.267Z",
        "user": [
            "admin"
        ],
        "content_type": [
            "p_library",
            "userprofile"
        ],
        "object_id": "3",
        "object_repr": "user",
        "action_flag": 2,
        "change_message": "[{\"changed\": {\"fields\": [\"age\"]}}]"
    }
},
{
    "model": "admin.logentry",
    "pk": 42,
    "fields": {
        "action_time": "2020-07-29T08:27:57.136Z",
        "user": [
            "admin"
        ],
        "content_type": [
            "p_library",
            "userprofile"
        ],
        "object_id": "5",
        "object_repr": "admin",
        "action_flag": 1,
        "change_message": "[{\"added\": {}}]"
    }
},
{
    "model": "admin.logentry",
    "pk": 43,
    "fields": {
        "action_time": "2020-07-29T11:23:59.993Z",
        "user": [
            "admin"
        ],
        "content_type": [
            "p_library",
            "author"
        ],
        "object_id": "16",
        "object_repr": "1213",
        "action_flag": 3,
        "change_message": ""
    }
}
]
